{
  "status": "Succeeded",
  "succeeded": true,
  "failed": false,
  "finished": true,
  "recognitionResult": {
    "lines": [
      {
        "boundingBox": [
          388,
          59,
          476,
          56,
          477,
          67,
          389,
          70
        ],
        "text": "VAN fier Ro 4730232954",
        "words": [
          {
            "boundingBox": [
              388,
              60,
              404,
              59,
              404,
              70,
              389,
              70
            ],
            "text": "VAN"
          },
          {
            "boundingBox": [
              402,
              60,
              417,
              59,
              417,
              69,
              403,
              70
            ],
            "text": "fier"
          },
          {
            "boundingBox": [
              419,
              59,
              431,
              58,
              431,
              69,
              419,
              69
            ],
            "text": "Ro"
          },
          {
            "boundingBox": [
              434,
              58,
              476,
              57,
              476,
              67,
              434,
              69
            ],
            "text": "4730232954"
          }
        ]
      },
      {
        "boundingBox": [
          389,
          70,
          534,
          65,
          535,
          77,
          390,
          82
        ],
        "text": "Unit 19 Cowles Park, a thivier Road.",
        "words": [
          {
            "boundingBox": [
              389,
              71,
              409,
              71,
              409,
              81,
              389,
              82
            ],
            "text": "Unit"
          },
          {
            "boundingBox": [
              408,
              71,
              419,
              70,
              419,
              81,
              408,
              81
            ],
            "text": "19"
          },
          {
            "boundingBox": [
              420,
              70,
              450,
              69,
              451,
              80,
              421,
              81
            ],
            "text": "Cowles"
          },
          {
            "boundingBox": [
              450,
              69,
              474,
              69,
              475,
              79,
              451,
              80
            ],
            "text": "Park,"
          },
          {
            "boundingBox": [
              473,
              69,
              480,
              68,
              481,
              79,
              473,
              79
            ],
            "text": "a"
          },
          {
            "boundingBox": [
              480,
              68,
              509,
              67,
              510,
              78,
              481,
              79
            ],
            "text": "thivier"
          },
          {
            "boundingBox": [
              509,
              67,
              536,
              66,
              537,
              77,
              510,
              78
            ],
            "text": "Road."
          }
        ]
      },
      {
        "boundingBox": [
          136,
          88,
          329,
          89,
          328,
          129,
          135,
          128
        ],
        "text": "tanley's",
        "words": [
          {
            "boundingBox": [
              136,
              92,
              327,
              91,
              329,
              130,
              137,
              129
            ],
            "text": "tanley's"
          }
        ]
      },
      {
        "boundingBox": [
          390,
          83,
          473,
          80,
          474,
          91,
          391,
          94
        ],
        "text": "New Gerbilany 3600",
        "words": [
          {
            "boundingBox": [
              389,
              83,
              407,
              83,
              407,
              93,
              390,
              94
            ],
            "text": "New"
          },
          {
            "boundingBox": [
              409,
              83,
              446,
              82,
              447,
              92,
              410,
              93
            ],
            "text": "Gerbilany"
          },
          {
            "boundingBox": [
              449,
              82,
              470,
              81,
              470,
              91,
              450,
              92
            ],
            "text": "3600"
          }
        ]
      },
      {
        "boundingBox": [
          392,
          94,
          501,
          89,
          502,
          102,
          392,
          106
        ],
        "text": "fel: +27 031 266 8159",
        "words": [
          {
            "boundingBox": [
              390,
              94,
              410,
              94,
              410,
              106,
              390,
              106
            ],
            "text": "fel:"
          },
          {
            "boundingBox": [
              412,
              94,
              433,
              93,
              434,
              105,
              412,
              106
            ],
            "text": "+27"
          },
          {
            "boundingBox": [
              434,
              93,
              454,
              92,
              455,
              104,
              434,
              105
            ],
            "text": "031"
          },
          {
            "boundingBox": [
              455,
              92,
              475,
              92,
              475,
              103,
              455,
              104
            ],
            "text": "266"
          },
          {
            "boundingBox": [
              475,
              91,
              502,
              90,
              502,
              102,
              476,
              103
            ],
            "text": "8159"
          }
        ]
      },
      {
        "boundingBox": [
          135,
          123,
          271,
          122,
          272,
          144,
          136,
          145
        ],
        "text": "STATIONERS",
        "words": [
          {
            "boundingBox": [
              134,
              126,
              269,
              126,
              268,
              142,
              133,
              146
            ],
            "text": "STATIONERS"
          }
        ]
      },
      {
        "boundingBox": [
          390,
          118,
          481,
          115,
          482,
          128,
          390,
          131
        ],
        "text": "Retail Department:",
        "words": [
          {
            "boundingBox": [
              390,
              118,
              422,
              118,
              423,
              130,
              391,
              131
            ],
            "text": "Retail"
          },
          {
            "boundingBox": [
              421,
              118,
              484,
              116,
              484,
              128,
              421,
              130
            ],
            "text": "Department:"
          }
        ]
      },
      {
        "boundingBox": [
          392,
          131,
          509,
          127,
          510,
          140,
          393,
          143
        ],
        "text": "ihop 17A The Village Markel,",
        "words": [
          {
            "boundingBox": [
              392,
              132,
              412,
              132,
              412,
              142,
              392,
              143
            ],
            "text": "ihop"
          },
          {
            "boundingBox": [
              414,
              131,
              429,
              131,
              430,
              142,
              414,
              142
            ],
            "text": "17A"
          },
          {
            "boundingBox": [
              431,
              131,
              447,
              130,
              447,
              141,
              431,
              142
            ],
            "text": "The"
          },
          {
            "boundingBox": [
              448,
              130,
              477,
              129,
              477,
              140,
              448,
              141
            ],
            "text": "Village"
          },
          {
            "boundingBox": [
              476,
              129,
              511,
              128,
              511,
              140,
              477,
              140
            ],
            "text": "Markel,"
          }
        ]
      },
      {
        "boundingBox": [
          169,
          144,
          234,
          145,
          234,
          164,
          169,
          167
        ],
        "text": "Who else ?",
        "words": [
          {
            "boundingBox": [
              168,
              143,
              200,
              142,
              200,
              165,
              168,
              166
            ],
            "text": "Who"
          },
          {
            "boundingBox": [
              194,
              142,
              226,
              142,
              226,
              165,
              194,
              165
            ],
            "text": "else"
          },
          {
            "boundingBox": [
              220,
              142,
              235,
              141,
              236,
              164,
              220,
              165
            ],
            "text": "?"
          }
        ]
      },
      {
        "boundingBox": [
          392,
          143,
          524,
          138,
          525,
          151,
          393,
          155
        ],
        "text": "123 Jan Halmeyr Road, Wealville",
        "words": [
          {
            "boundingBox": [
              391,
              143,
              409,
              143,
              408,
              155,
              391,
              155
            ],
            "text": "123"
          },
          {
            "boundingBox": [
              409,
              143,
              425,
              143,
              425,
              154,
              408,
              155
            ],
            "text": "Jan"
          },
          {
            "boundingBox": [
              424,
              143,
              462,
              142,
              462,
              153,
              424,
              154
            ],
            "text": "Halmeyr"
          },
          {
            "boundingBox": [
              461,
              142,
              488,
              141,
              489,
              152,
              461,
              153
            ],
            "text": "Road,"
          },
          {
            "boundingBox": [
              487,
              141,
              525,
              138,
              525,
              151,
              487,
              152
            ],
            "text": "Wealville"
          }
        ]
      },
      {
        "boundingBox": [
          389,
          160,
          547,
          155,
          548,
          171,
          390,
          175
        ],
        "text": "www.stanleystationers.co.za",
        "words": [
          {
            "boundingBox": [
              392,
              162,
              547,
              157,
              547,
              171,
              393,
              175
            ],
            "text": "www.stanleystationers.co.za"
          }
        ]
      },
      {
        "boundingBox": [
          194,
          190,
          390,
          184,
          391,
          201,
          194,
          207
        ],
        "text": "Purchase Order 025362",
        "words": [
          {
            "boundingBox": [
              194,
              190,
              274,
              188,
              275,
              205,
              195,
              207
            ],
            "text": "Purchase"
          },
          {
            "boundingBox": [
              280,
              188,
              327,
              187,
              328,
              203,
              281,
              205
            ],
            "text": "Order"
          },
          {
            "boundingBox": [
              329,
              187,
              389,
              185,
              390,
              201,
              330,
              203
            ],
            "text": "025362"
          }
        ]
      },
      {
        "boundingBox": [
          36,
          222,
          132,
          219,
          133,
          230,
          37,
          233
        ],
        "text": "Supplier: FREE-001",
        "words": [
          {
            "boundingBox": [
              36,
              223,
              81,
              221,
              82,
              232,
              37,
              233
            ],
            "text": "Supplier:"
          },
          {
            "boundingBox": [
              85,
              221,
              133,
              220,
              133,
              230,
              85,
              232
            ],
            "text": "FREE-001"
          }
        ]
      },
      {
        "boundingBox": [
          295,
          214,
          346,
          212,
          347,
          224,
          296,
          226
        ],
        "text": "Deliver To:",
        "words": [
          {
            "boundingBox": [
              296,
              215,
              329,
              214,
              330,
              225,
              296,
              226
            ],
            "text": "Deliver"
          },
          {
            "boundingBox": [
              330,
              214,
              347,
              213,
              347,
              224,
              331,
              225
            ],
            "text": "To:"
          }
        ]
      },
      {
        "boundingBox": [
          42,
          236,
          185,
          231,
          186,
          243,
          43,
          248
        ],
        "text": "Freedom Stationery (PTY) LTD",
        "words": [
          {
            "boundingBox": [
              42,
              237,
              80,
              236,
              80,
              247,
              42,
              247
            ],
            "text": "Freedom"
          },
          {
            "boundingBox": [
              87,
              236,
              135,
              234,
              136,
              245,
              88,
              246
            ],
            "text": "Stationery"
          },
          {
            "boundingBox": [
              136,
              234,
              164,
              233,
              165,
              244,
              137,
              245
            ],
            "text": "(PTY)"
          },
          {
            "boundingBox": [
              164,
              233,
              183,
              232,
              184,
              244,
              165,
              244
            ],
            "text": "LTD"
          }
        ]
      },
      {
        "boundingBox": [
          304,
          228,
          398,
          225,
          399,
          237,
          305,
          240
        ],
        "text": "Unit 19 Cowles Park",
        "words": [
          {
            "boundingBox": [
              304,
              229,
              325,
              228,
              326,
              239,
              305,
              240
            ],
            "text": "Unit"
          },
          {
            "boundingBox": [
              326,
              228,
              338,
              228,
              338,
              239,
              327,
              239
            ],
            "text": "19"
          },
          {
            "boundingBox": [
              339,
              228,
              374,
              227,
              375,
              238,
              340,
              239
            ],
            "text": "Cowles"
          },
          {
            "boundingBox": [
              375,
              227,
              398,
              226,
              398,
              237,
              376,
              238
            ],
            "text": "Park"
          }
        ]
      },
      {
        "boundingBox": [
          42,
          250,
          98,
          248,
          99,
          259,
          43,
          261
        ],
        "text": "PO Box 478",
        "words": [
          {
            "boundingBox": [
              42,
              250,
              55,
              250,
              55,
              261,
              42,
              261
            ],
            "text": "PO"
          },
          {
            "boundingBox": [
              59,
              250,
              78,
              250,
              78,
              260,
              59,
              261
            ],
            "text": "Box"
          },
          {
            "boundingBox": [
              79,
              250,
              96,
              250,
              96,
              260,
              79,
              260
            ],
            "text": "478"
          }
        ]
      },
      {
        "boundingBox": [
          304,
          242,
          358,
          241,
          359,
          252,
          305,
          254
        ],
        "text": "Olivier Road",
        "words": [
          {
            "boundingBox": [
              305,
              243,
              334,
              242,
              334,
              253,
              305,
              254
            ],
            "text": "Olivier"
          },
          {
            "boundingBox": [
              334,
              242,
              359,
              242,
              360,
              252,
              334,
              253
            ],
            "text": "Road"
          }
        ]
      },
      {
        "boundingBox": [
          42,
          264,
          80,
          263,
          81,
          274,
          43,
          274
        ],
        "text": "Maindint",
        "words": [
          {
            "boundingBox": [
              42,
              265,
              79,
              265,
              80,
              274,
              43,
              274
            ],
            "text": "Maindint"
          }
        ]
      },
      {
        "boundingBox": [
          305,
          257,
          367,
          256,
          368,
          267,
          306,
          268
        ],
        "text": "New Gemany",
        "words": [
          {
            "boundingBox": [
              304,
              258,
              324,
              257,
              324,
              268,
              305,
              268
            ],
            "text": "New"
          },
          {
            "boundingBox": [
              328,
              257,
              368,
              257,
              368,
              267,
              329,
              267
            ],
            "text": "Gemany"
          }
        ]
      },
      {
        "boundingBox": [
          306,
          271,
          328,
          270,
          329,
          280,
          306,
          281
        ],
        "text": "3600",
        "words": [
          {
            "boundingBox": [
              305,
              270,
              327,
              269,
              328,
              279,
              306,
              280
            ],
            "text": "3600"
          }
        ]
      },
      {
        "boundingBox": [
          74,
          329,
          214,
          325,
          215,
          337,
          75,
          342
        ],
        "text": "Your VAT Reg No: 47301 12721",
        "words": [
          {
            "boundingBox": [
              75,
              331,
              97,
              330,
              97,
              341,
              76,
              342
            ],
            "text": "Your"
          },
          {
            "boundingBox": [
              97,
              330,
              118,
              329,
              119,
              340,
              97,
              341
            ],
            "text": "VAT"
          },
          {
            "boundingBox": [
              119,
              329,
              138,
              329,
              139,
              340,
              119,
              340
            ],
            "text": "Reg"
          },
          {
            "boundingBox": [
              139,
              329,
              158,
              328,
              158,
              339,
              139,
              340
            ],
            "text": "No:"
          },
          {
            "boundingBox": [
              158,
              328,
              188,
              327,
              188,
              339,
              158,
              339
            ],
            "text": "47301"
          },
          {
            "boundingBox": [
              187,
              327,
              215,
              326,
              215,
              338,
              187,
              339
            ],
            "text": "12721"
          }
        ]
      },
      {
        "boundingBox": [
          81,
          343,
          211,
          339,
          212,
          350,
          82,
          354
        ],
        "text": "Document Date: 2018-12-05",
        "words": [
          {
            "boundingBox": [
              82,
              344,
              130,
              342,
              130,
              353,
              82,
              355
            ],
            "text": "Document"
          },
          {
            "boundingBox": [
              130,
              342,
              156,
              342,
              157,
              352,
              130,
              353
            ],
            "text": "Date:"
          },
          {
            "boundingBox": [
              160,
              342,
              210,
              340,
              210,
              351,
              160,
              352
            ],
            "text": "2018-12-05"
          }
        ]
      },
      {
        "boundingBox": [
          365,
          347,
          456,
          308,
          466,
          333,
          375,
          372
        ],
        "text": "MO12467",
        "words": [
          {
            "boundingBox": [
              361,
              349,
              457,
              310,
              467,
              331,
              373,
              374
            ],
            "text": "MO12467"
          }
        ]
      },
      {
        "boundingBox": [
          90,
          356,
          196,
          353,
          197,
          365,
          91,
          367
        ],
        "text": "Our Order No: 025362",
        "words": [
          {
            "boundingBox": [
              91,
              357,
              110,
              356,
              111,
              367,
              92,
              367
            ],
            "text": "Our"
          },
          {
            "boundingBox": [
              111,
              356,
              138,
              356,
              138,
              366,
              111,
              367
            ],
            "text": "Order"
          },
          {
            "boundingBox": [
              138,
              356,
              156,
              355,
              156,
              366,
              138,
              366
            ],
            "text": "No:"
          },
          {
            "boundingBox": [
              160,
              355,
              194,
              354,
              194,
              365,
              160,
              366
            ],
            "text": "025362"
          }
        ]
      },
      {
        "boundingBox": [
          89,
          370,
          155,
          368,
          156,
          378,
          90,
          380
        ],
        "text": "Your Order No",
        "words": [
          {
            "boundingBox": [
              90,
              371,
              111,
              370,
              111,
              380,
              90,
              381
            ],
            "text": "Your"
          },
          {
            "boundingBox": [
              113,
              370,
              139,
              369,
              139,
              379,
              113,
              380
            ],
            "text": "Order"
          },
          {
            "boundingBox": [
              139,
              369,
              154,
              369,
              154,
              379,
              139,
              379
            ],
            "text": "No"
          }
        ]
      },
      {
        "boundingBox": [
          85,
          383,
          193,
          381,
          194,
          391,
          86,
          394
        ],
        "text": "Delivery Details: Deliver",
        "words": [
          {
            "boundingBox": [
              84,
              385,
              120,
              384,
              120,
              393,
              85,
              394
            ],
            "text": "Delivery"
          },
          {
            "boundingBox": [
              122,
              383,
              157,
              382,
              157,
              392,
              123,
              393
            ],
            "text": "Details:"
          },
          {
            "boundingBox": [
              161,
              382,
              193,
              382,
              193,
              391,
              162,
              392
            ],
            "text": "Deliver"
          }
        ]
      },
      {
        "boundingBox": [
          487,
          384,
          538,
          383,
          539,
          393,
          488,
          394
        ],
        "text": "Page No: 1",
        "words": [
          {
            "boundingBox": [
              487,
              385,
              511,
              384,
              512,
              395,
              487,
              395
            ],
            "text": "Page"
          },
          {
            "boundingBox": [
              513,
              384,
              532,
              384,
              532,
              394,
              513,
              395
            ],
            "text": "No:"
          },
          {
            "boundingBox": [
              532,
              384,
              539,
              384,
              539,
              394,
              532,
              394
            ],
            "text": "1"
          }
        ]
      },
      {
        "boundingBox": [
          40,
          398,
          198,
          394,
          198,
          404,
          41,
          408
        ],
        "text": "Dur Accola! No. with you: STAD01",
        "words": [
          {
            "boundingBox": [
              41,
              399,
              59,
              398,
              59,
              407,
              42,
              407
            ],
            "text": "Dur"
          },
          {
            "boundingBox": [
              60,
              398,
              98,
              397,
              98,
              407,
              61,
              407
            ],
            "text": "Accola!"
          },
          {
            "boundingBox": [
              98,
              397,
              116,
              397,
              116,
              406,
              98,
              407
            ],
            "text": "No."
          },
          {
            "boundingBox": [
              117,
              397,
              134,
              396,
              134,
              406,
              117,
              406
            ],
            "text": "with"
          },
          {
            "boundingBox": [
              137,
              396,
              157,
              396,
              157,
              405,
              137,
              406
            ],
            "text": "you:"
          },
          {
            "boundingBox": [
              162,
              395,
              197,
              394,
              197,
              404,
              163,
              405
            ],
            "text": "STAD01"
          }
        ]
      },
      {
        "boundingBox": [
          436,
          412,
          472,
          411,
          473,
          419,
          437,
          420
        ],
        "text": "Discount",
        "words": [
          {
            "boundingBox": [
              439,
              412,
              474,
              412,
              474,
              420,
              439,
              420
            ],
            "text": "Discount"
          }
        ]
      },
      {
        "boundingBox": [
          504,
          410,
          541,
          409,
          542,
          417,
          505,
          418
        ],
        "text": "Ext. Price",
        "words": [
          {
            "boundingBox": [
              504,
              410,
              520,
              410,
              520,
              418,
              504,
              418
            ],
            "text": "Ext."
          },
          {
            "boundingBox": [
              520,
              410,
              540,
              410,
              540,
              417,
              520,
              418
            ],
            "text": "Price"
          }
        ]
      },
      {
        "boundingBox": [
          49,
          421,
          72,
          421,
          72,
          430,
          49,
          431
        ],
        "text": "Clly",
        "words": [
          {
            "boundingBox": [
              54,
              420,
              69,
              420,
              69,
              430,
              54,
              430
            ],
            "text": "Clly"
          }
        ]
      },
      {
        "boundingBox": [
          78,
          420,
          125,
          419,
          126,
          428,
          79,
          429
        ],
        "text": "Stock Code",
        "words": [
          {
            "boundingBox": [
              81,
              421,
              102,
              421,
              102,
              428,
              82,
              429
            ],
            "text": "Stock"
          },
          {
            "boundingBox": [
              105,
              421,
              124,
              420,
              125,
              428,
              105,
              428
            ],
            "text": "Code"
          }
        ]
      },
      {
        "boundingBox": [
          150,
          419,
          193,
          418,
          194,
          426,
          151,
          427
        ],
        "text": "Description",
        "words": [
          {
            "boundingBox": [
              150,
              420,
              192,
              419,
              193,
              426,
              150,
              427
            ],
            "text": "Description"
          }
        ]
      },
      {
        "boundingBox": [
          391,
          413,
          431,
          412,
          432,
          420,
          392,
          421
        ],
        "text": "Unit Price",
        "words": [
          {
            "boundingBox": [
              392,
              414,
              409,
              414,
              409,
              421,
              393,
              422
            ],
            "text": "Unit"
          },
          {
            "boundingBox": [
              409,
              414,
              429,
              413,
              429,
              421,
              410,
              421
            ],
            "text": "Price"
          }
        ]
      },
      {
        "boundingBox": [
          150,
          436,
          271,
          434,
          271,
          444,
          151,
          446
        ],
        "text": "UiNhia Manilla Folder Yelkre LIMik",
        "words": [
          {
            "boundingBox": [
              150,
              438,
              172,
              437,
              173,
              445,
              151,
              445
            ],
            "text": "UiNhia"
          },
          {
            "boundingBox": [
              174,
              437,
              199,
              437,
              200,
              445,
              174,
              445
            ],
            "text": "Manilla"
          },
          {
            "boundingBox": [
              201,
              437,
              225,
              436,
              225,
              445,
              201,
              445
            ],
            "text": "Folder"
          },
          {
            "boundingBox": [
              226,
              436,
              248,
              435,
              248,
              445,
              227,
              445
            ],
            "text": "Yelkre"
          },
          {
            "boundingBox": [
              252,
              435,
              270,
              434,
              271,
              444,
              252,
              445
            ],
            "text": "LIMik"
          }
        ]
      },
      {
        "boundingBox": [
          415,
          432,
          432,
          431,
          432,
          439,
          415,
          439
        ],
        "text": "7 65",
        "words": [
          {
            "boundingBox": [
              413,
              430,
              419,
              430,
              419,
              438,
              414,
              438
            ],
            "text": "7"
          },
          {
            "boundingBox": [
              419,
              430,
              429,
              430,
              429,
              438,
              419,
              438
            ],
            "text": "65"
          }
        ]
      },
      {
        "boundingBox": [
          522,
          429,
          542,
          429,
          543,
          436,
          523,
          437
        ],
        "text": "76,50",
        "words": [
          {
            "boundingBox": [
              520,
              428,
              541,
              428,
              541,
              436,
              521,
              436
            ],
            "text": "76,50"
          }
        ]
      },
      {
        "boundingBox": [
          150,
          453,
          281,
          450,
          281,
          459,
          151,
          462
        ],
        "text": "Mairhm Board Ad Paskal Assorl 1018",
        "words": [
          {
            "boundingBox": [
              150,
              454,
              171,
              453,
              171,
              461,
              151,
              462
            ],
            "text": "Mairhm"
          },
          {
            "boundingBox": [
              174,
              453,
              195,
              453,
              196,
              461,
              175,
              461
            ],
            "text": "Board"
          },
          {
            "boundingBox": [
              197,
              453,
              208,
              452,
              208,
              461,
              197,
              461
            ],
            "text": "Ad"
          },
          {
            "boundingBox": [
              208,
              452,
              233,
              452,
              233,
              460,
              208,
              461
            ],
            "text": "Paskal"
          },
          {
            "boundingBox": [
              232,
              452,
              257,
              451,
              258,
              459,
              233,
              460
            ],
            "text": "Assorl"
          },
          {
            "boundingBox": [
              257,
              451,
              280,
              450,
              280,
              458,
              258,
              459
            ],
            "text": "1018"
          }
        ]
      },
      {
        "boundingBox": [
          414,
          447,
          430,
          446,
          431,
          454,
          415,
          455
        ],
        "text": "3.50",
        "words": [
          {
            "boundingBox": [
              413,
              446,
              429,
              445,
              429,
              453,
              413,
              454
            ],
            "text": "3.50"
          }
        ]
      },
      {
        "boundingBox": [
          516,
          444,
          541,
          443,
          542,
          451,
          517,
          452
        ],
        "text": "345, 00",
        "words": [
          {
            "boundingBox": [
              518,
              445,
              534,
              444,
              534,
              451,
              518,
              452
            ],
            "text": "345,"
          },
          {
            "boundingBox": [
              533,
              444,
              542,
              444,
              542,
              451,
              533,
              451
            ],
            "text": "00"
          }
        ]
      },
      {
        "boundingBox": [
          76,
          454,
          131,
          452,
          132,
          461,
          77,
          463
        ],
        "text": "MI 402/LAS51",
        "words": [
          {
            "boundingBox": [
              82,
              455,
              92,
              454,
              92,
              463,
              82,
              463
            ],
            "text": "MI"
          },
          {
            "boundingBox": [
              91,
              454,
              132,
              453,
              133,
              462,
              91,
              463
            ],
            "text": "402/LAS51"
          }
        ]
      },
      {
        "boundingBox": [
          62,
          470,
          112,
          468,
          113,
          477,
          63,
          478
        ],
        "text": "10) 1 5027M",
        "words": [
          {
            "boundingBox": [
              63,
              471,
              73,
              470,
              74,
              478,
              63,
              478
            ],
            "text": "10)"
          },
          {
            "boundingBox": [
              81,
              470,
              86,
              470,
              86,
              478,
              81,
              478
            ],
            "text": "1"
          },
          {
            "boundingBox": [
              87,
              470,
              109,
              469,
              110,
              477,
              88,
              478
            ],
            "text": "5027M"
          }
        ]
      },
      {
        "boundingBox": [
          150,
          468,
          311,
          463,
          312,
          473,
          150,
          478
        ],
        "text": "Martin A4 1009 Assnrind Bright Board pit :00",
        "words": [
          {
            "boundingBox": [
              150,
              468,
              172,
              468,
              173,
              477,
              151,
              477
            ],
            "text": "Martin"
          },
          {
            "boundingBox": [
              174,
              468,
              185,
              468,
              185,
              477,
              174,
              477
            ],
            "text": "A4"
          },
          {
            "boundingBox": [
              187,
              468,
              205,
              467,
              205,
              477,
              187,
              477
            ],
            "text": "1009"
          },
          {
            "boundingBox": [
              205,
              467,
              237,
              467,
              238,
              476,
              206,
              477
            ],
            "text": "Assnrind"
          },
          {
            "boundingBox": [
              239,
              467,
              261,
              466,
              262,
              475,
              239,
              476
            ],
            "text": "Bright"
          },
          {
            "boundingBox": [
              261,
              466,
              283,
              465,
              283,
              474,
              262,
              475
            ],
            "text": "Board"
          },
          {
            "boundingBox": [
              284,
              465,
              297,
              465,
              297,
              473,
              284,
              474
            ],
            "text": "pit"
          },
          {
            "boundingBox": [
              297,
              465,
              310,
              464,
              310,
              472,
              297,
              473
            ],
            "text": ":00"
          }
        ]
      },
      {
        "boundingBox": [
          516,
          460,
          546,
          458,
          547,
          467,
          517,
          469
        ],
        "text": "420,00-",
        "words": [
          {
            "boundingBox": [
              518,
              461,
              546,
              459,
              546,
              467,
              518,
              469
            ],
            "text": "420,00-"
          }
        ]
      },
      {
        "boundingBox": [
          151,
          483,
          285,
          480,
          286,
          490,
          152,
          493
        ],
        "text": "Markin Hicard Al thogain While tixup",
        "words": [
          {
            "boundingBox": [
              151,
              484,
              174,
              483,
              174,
              492,
              151,
              493
            ],
            "text": "Markin"
          },
          {
            "boundingBox": [
              174,
              483,
              197,
              483,
              197,
              492,
              174,
              492
            ],
            "text": "Hicard"
          },
          {
            "boundingBox": [
              198,
              483,
              209,
              483,
              210,
              492,
              198,
              492
            ],
            "text": "Al"
          },
          {
            "boundingBox": [
              210,
              483,
              238,
              482,
              238,
              491,
              210,
              492
            ],
            "text": "thogain"
          },
          {
            "boundingBox": [
              239,
              482,
              260,
              482,
              260,
              491,
              239,
              491
            ],
            "text": "While"
          },
          {
            "boundingBox": [
              262,
              482,
              282,
              481,
              282,
              491,
              262,
              491
            ],
            "text": "tixup"
          }
        ]
      },
      {
        "boundingBox": [
          412,
          479,
          429,
          478,
          430,
          485,
          412,
          486
        ],
        "text": "26.30",
        "words": [
          {
            "boundingBox": [
              411,
              478,
              429,
              477,
              430,
              484,
              411,
              485
            ],
            "text": "26.30"
          }
        ]
      },
      {
        "boundingBox": [
          517,
          475,
          544,
          474,
          545,
          483,
          518,
          484
        ],
        "text": "781,on",
        "words": [
          {
            "boundingBox": [
              518,
              476,
              542,
              475,
              542,
              483,
              518,
              484
            ],
            "text": "781,on"
          }
        ]
      },
      {
        "boundingBox": [
          447,
          742,
          486,
          742,
          486,
          751,
          448,
          752
        ],
        "text": "Sub Total.",
        "words": [
          {
            "boundingBox": [
              450,
              743,
              463,
              743,
              464,
              752,
              450,
              752
            ],
            "text": "Sub"
          },
          {
            "boundingBox": [
              466,
              743,
              487,
              742,
              488,
              751,
              466,
              752
            ],
            "text": "Total."
          }
        ]
      },
      {
        "boundingBox": [
          521,
          742,
          552,
          740,
          553,
          749,
          521,
          751
        ],
        "text": "1 07040",
        "words": [
          {
            "boundingBox": [
              521,
              742,
              526,
              742,
              527,
              751,
              521,
              751
            ],
            "text": "1"
          },
          {
            "boundingBox": [
              527,
              742,
              551,
              741,
              552,
              750,
              528,
              750
            ],
            "text": "07040"
          }
        ]
      },
      {
        "boundingBox": [
          425,
          757,
          485,
          756,
          486,
          765,
          426,
          766
        ],
        "text": "Overall Lizcount:",
        "words": [
          {
            "boundingBox": [
              425,
              758,
              452,
              757,
              452,
              766,
              426,
              766
            ],
            "text": "Overall"
          },
          {
            "boundingBox": [
              452,
              757,
              486,
              757,
              486,
              765,
              452,
              766
            ],
            "text": "Lizcount:"
          }
        ]
      },
      {
        "boundingBox": [
          467,
          771,
          486,
          770,
          486,
          779,
          467,
          779
        ],
        "text": "Total",
        "words": [
          {
            "boundingBox": [
              466,
              769,
              486,
              769,
              486,
              778,
              466,
              778
            ],
            "text": "Total"
          }
        ]
      },
      {
        "boundingBox": [
          522,
          770,
          552,
          768,
          553,
          777,
          523,
          778
        ],
        "text": "1 670,50",
        "words": [
          {
            "boundingBox": [
              521,
              770,
              527,
              770,
              527,
              778,
              522,
              778
            ],
            "text": "1"
          },
          {
            "boundingBox": [
              528,
              770,
              553,
              769,
              553,
              777,
              528,
              778
            ],
            "text": "670,50"
          }
        ]
      },
      {
        "boundingBox": [
          450,
          785,
          487,
          784,
          488,
          793,
          451,
          794
        ],
        "text": "VAT Talal",
        "words": [
          {
            "boundingBox": [
              450,
              785,
              466,
              785,
              467,
              794,
              451,
              794
            ],
            "text": "VAT"
          },
          {
            "boundingBox": [
              468,
              785,
              488,
              785,
              488,
              793,
              468,
              794
            ],
            "text": "Talal"
          }
        ]
      },
      {
        "boundingBox": [
          528,
          783,
          554,
          782,
          555,
          791,
          528,
          792
        ],
        "text": "240.58",
        "words": [
          {
            "boundingBox": [
              529,
              783,
              552,
              783,
              553,
              791,
              529,
              792
            ],
            "text": "240.58"
          }
        ]
      },
      {
        "boundingBox": [
          448,
          800,
          486,
          799,
          487,
          807,
          448,
          808
        ],
        "text": "Tokal Unct):",
        "words": [
          {
            "boundingBox": [
              448,
              800,
              466,
              800,
              467,
              808,
              448,
              808
            ],
            "text": "Tokal"
          },
          {
            "boundingBox": [
              466,
              800,
              488,
              799,
              489,
              807,
              466,
              808
            ],
            "text": "Unct):"
          }
        ]
      },
      {
        "boundingBox": [
          522,
          797,
          555,
          796,
          556,
          805,
          523,
          806
        ],
        "text": "1 3213IB",
        "words": [
          {
            "boundingBox": [
              522,
              798,
              527,
              798,
              528,
              806,
              522,
              806
            ],
            "text": "1"
          },
          {
            "boundingBox": [
              528,
              798,
              552,
              798,
              553,
              805,
              529,
              806
            ],
            "text": "3213IB"
          }
        ]
      }
    ]
  }
}
